mega_cd,mega_nm,cty_cd,cty_nm,from_nm,to_nm,from_cd,to_cd,change_date,reverse
11,서울특별시,1130,강북구,번제1동,번1동,11305590,11305595,20190101,
11,서울특별시,1130,강북구,번제2동,번2동,11305600,11305603,20190101,
11,서울특별시,1130,강북구,번제3동,번3동,11305606,11305608,20190101,
11,서울특별시,1130,강북구,수유제1동,수유1동,11305610,11305615,20190101,
11,서울특별시,1130,강북구,수유제2동,수유2동,11305620,11305625,20190101,
11,서울특별시,1130,강북구,수유제3동,수유3동,11305630,11305635,20190101,
11,서울특별시,1153,구로구,오류2동,항동,11530780,11530800,20210101,1개에서1개추가생성
11,서울특별시,1174,강동구,상일동,상일제1동,11740520,11740525,20210701,
11,서울특별시,1174,강동구,강일동,상일제2동,11740515,11740526,20210701,1개에서1개추가생성
26,부산광역시,2716,동구,좌천제1동,좌천동,26170610,26170645,20150701,
26,부산광역시,2716,동구,좌천제4동,좌천동,26170640,26170645,20150701,
26,부산광역시,2617,동구,범일제4동,범일제1동,26170670,26170650,20160101,
26,부산광역시,2623,부산진구,범전동,부전1동,26230530,26230510,20151001,
26,부산광역시,2623,부산진구,전포3동,전포제1동,26230620,26230600,20150101,
26,부산광역시,2623,부산진구,범천제4동,범천제2동,26230790,26230780,20160101,
26,부산광역시,2635,해운대구,반송제3동,반송1동,26350630,26350610,20160101,
26,부산광역시,2635,해운대구,우제1동,우제3동,26350510,26350525,20151001,1개에서1개추가생성
26,부산광역시,2641,금정구,금사동,금사회동동,26410550,26410555,20181001,
26,부산광역시,2641,금정구,장전제3동,장전2동,26410620,26410610,20200101,
26,부산광역시,2644,강서구,천가동,가덕도동,26440570,26440580,20150701,
26,부산광역시,2644,강서구,명지동,명지1동,26440540,26440535,20180101,1개에서2개로분동
26,부산광역시,2644,강서구,명지동,명지2동,26440540,26440545,20180101,1개에서2개로분동
26,부산광역시,2671,기장군,정관면,정관읍,26710320,26710256,20150923,
26,부산광역시,2671,기장군,일광면,일광읍,26710310,26710259,20220401,
27,대구광역시,2714,동구,안심3.4동,안심3동,27140745,27140742,20200706,1개에서2개로분동
27,대구광역시,2714,동구,안심3.4동,안심4동,27140745,27140747,20200706,1개에서2개로분동
27,대구광역시,2714,동구,안심3.4동,혁신동,27140745,27140755,20200706,1개에서1개추가생성
27,대구광역시,2729,달서구,월성1동,유천동,27290602,27290617,20211129,2개에서1개추가생성
27,대구광역시,2729,달서구,진천동,유천동,27290615,27290617,20211129,2개에서1개추가생성
27,대구광역시,2771,달성군,유가면,유가읍,27710370,27710259,20180301,
27,대구광역시,2771,달성군,옥포면,옥포읍,27710340,27710262,20180301,
27,대구광역시,2771,달성군,현풍면,현풍읍,27710360,27710265,20180101,
28,인천광역시,2811,중구,영종동,영종1동,28110620,28110622,20180101,1개에서1개추가생성
28,인천광역시,2811,중구,북성동,개항동,28110600,28110615,20210701,
28,인천광역시,2811,중구,송월동,개항동,28110610,28110615,20210701,
28,인천광역시,2811,중구,영종출장중산지소,영종동,28110624,28110620,20160101,
28,인천광역시,2811,중구,용유출장무의지소,용유동,28110637,28110630,20160101,
28,인천광역시,2818,연수구,송도1동,송도3동,28185820,28185840,20140924,1개에서1개추가생성
28,인천광역시,2818,연수구,송도2동,송도4동,28185830,28185850,20190101,1개에서1개추가생성
28,인천광역시,2818,연수구,송도4동,송도5동,28185850,28185860,20201026,1개에서1개추가생성
28,인천광역시,2820,남동구,장수서창동,서창2동,28200650,28200655,20181105,1개에서1개추가생성
28,인천광역시,2824,계양구,계양1동,계양3동,28245710,28245730,20150401,1개에서1개추가생성
28,인천광역시,2826,서구,검단1동,검단동,28260630,28260680,20180701,
28,인천광역시,2826,서구,검단2동,불로대곡동,28260640,28260690,20180701,
28,인천광역시,2826,서구,검단3동,원당동,28260650,28260700,20180701,
28,인천광역시,2826,서구,검단4동,당하동,28260660,28260710,20180701,
28,인천광역시,2826,서구,검단5동,오류왕길동,28260670,28260720,20180701,
28,인천광역시,2826,서구,원당동,아라동,28260700,28260740,20210601,
28,인천광역시,2826,서구,당하동,마전동,28260710,28260730,20191104,1개에서1개추가생성
28,인천광역시,2826,서구,청라2동,청라3동,28260537,28260539,20160701,1개에서1개추가생성
28,인천광역시,2826,서구,검암경서동,청라3동,28260515,28260539,20180701,1개에서일부1개편입
29,광주광역시,2915,남구,효덕동,진월동,29155710,29155705,20210716,1개에서1개추가생성
29,광주광역시,2917,북구,건국동,신용동,29170695,29170697,20200101,1개에서1개추가생성
30,대전광역시,3017,서구,가수원동,도안동,30170590,30170593,20220620,1개에서1개추가생성
30,대전광역시,3020,유성구,진잠동,학하동,30200520,30200526,20211101,1개에서1개추가생성
30,대전광역시,3020,유성구,온천1동,상대동,30200530,30200527,20211101,2개(원신흥동)에서1개추가생성
30,대전광역시,3020,유성구,노은2동,노은3동,30200547,30200548,20150101,1개에서1개추가생성
31,울산광역시,3111,중구,북정동,성안동,31110560,31110650,20140901,
31,울산광역시,3171,울주군,청량면,청량읍,31710330,31710262,20180401,
31,울산광역시,3171,울주군,삼남면,삼남읍,31710390,31710265,20200101,
36,세종특별자치시,3611,세종특별자치시,한솔동,도담동,36110510,36110520,20140210,1개에서1개추가생성
36,세종특별자치시,3611,세종특별자치시,한솔동,아름동,36110510,36110530,20150126,1개에서1개추가생성
36,세종특별자치시,3611,세종특별자치시,한솔동,종촌동,36110510,36110540,20160401,1개에서1개추가생성
36,세종특별자치시,3611,세종특별자치시,한솔동,고운동,36110510,36110550,20170201,1개에서1개추가생성
36,세종특별자치시,3611,세종특별자치시,한솔동,보람동,36110510,36110560,20170201,1개에서1개추가생성
36,세종특별자치시,3611,세종특별자치시,보람동,대평동,36110560,36110570,20170716,1개에서1개추가생성
36,세종특별자치시,3611,세종특별자치시,한솔동,새롬동,36110510,36110515,20171001,세종특별자치시신설
36,세종특별자치시,3611,세종특별자치시,보람동,소담동,36110560,36110555,20180723,1개에서1개추가생성
36,세종특별자치시,3611,세종특별자치시,새롬동,다정동,36110515,36110580,20200801,1개에서1개추가생성
36,세종특별자치시,3611,세종특별자치시,도담동,해밀동,36110520,36110525,20210928,1개에서1개추가생성
36,세종특별자치시,3611,세종특별자치시,소담동,반곡동,36110555,36110556,20211026,1개에서1개추가생성
41,경기도,4111,수원시,권선구 금호동,권선구 금곡동,41113660,41113662,20160101,1개에서2개로분동
41,경기도,4111,수원시,권선구 금호동,권선구 호매실동,41113660,41113664,20160101,1개에서2개로분동
41,경기도,4111,수원시,영통구 광교동,영통구 광교1동,41117565,41117600,20150120,1개에서2개로분동
41,경기도,4111,수원시,영통구 광교동,영통구 광교2동,41117565,41117610,20150120,1개에서2개로분동
41,경기도,4111,수원시,영통구 태장동,영통구 망포1동,41117590,41117593,20190415,1개에서2개로분동
41,경기도,4111,수원시,영통구 태장동,영통구 망포2동,41117590,41117596,20190415,1개에서2개로분동
41,경기도,4113,성남시,수정구 복정동,수정구 위례동,41131620,41131625,20151102,1개에서2개로분동
41,경기도,4113,성남시,분당구 정자1동,분당구 정자동,41135550,41135545,20150501,1개에서2개로분동
41,경기도,4115,의정부시,가능1동,가능동,41150590,41150595,20180927,
41,경기도,4115,의정부시,가능2동,흥선동,41150600,41150615,20170403,
41,경기도,4115,의정부시,가능3동,흥선동,41150610,41150615,20170403,
41,경기도,4115,의정부시,의정부3동,의정부1동,41150530,41150510,20200106,
41,경기도,4115,의정부시,송산2동,송산3동,41150576,41150578,20200113,1개에서1개추가생성
41,경기도,4119,부천시,소사구 괴안동,괴안동,41197570,41190770,20160704,
41,경기도,4119,부천시,소사구 범박동,범박동,41197560,41190780,20160704,
41,경기도,4119,부천시,소사구 소사본3동,소사본3동,41197550,41190760,20160704,
41,경기도,4119,부천시,소사구 소사본동,소사본동,41197535,41190750,20160704,
41,경기도,4119,부천시,소사구 송내1동,송내1동,41197590,41190730,20160704,
41,경기도,4119,부천시,소사구 송내2동,송내2동,41197600,41190740,20160704,
41,경기도,4119,부천시,소사구 심곡본1동,심곡본1동,41197510,41197510,20160704,
41,경기도,4119,부천시,소사구 심곡본동,심곡본동,41197520,41190710,20160704,
41,경기도,4119,부천시,소사구 역곡3동,역곡3동,41197580,41190790,20160704,
41,경기도,4119,부천시,오정구 고강1동,고강1동,41199550,41190820,20160704,
41,경기도,4119,부천시,오정구 고강본동,고강본동,41199540,41190810,20160704,
41,경기도,4119,부천시,오정구 성곡동,성곡동,41199510,41190800,20160704,
41,경기도,4119,부천시,오정구 신흥동,신흥동,41199570,41190860,20160704,
41,경기도,4119,부천시,오정구 오정동,오정동,41199560,41190830,20160704,
41,경기도,4119,부천시,오정구 원종1동,원종1동,41199520,41190840,20160704,
41,경기도,4119,부천시,오정구 원종2동,원종2동,41199530,41190850,20160704,
41,경기도,4119,부천시,원미구 도당동,도당동,41195600,41190600,20160704,
41,경기도,4119,부천시,원미구 상1동,상1동,41195680,41190630,20160704,
41,경기도,4119,부천시,원미구 상2동,상2동,41195690,41190690,20160704,
41,경기도,4119,부천시,원미구 상3동,상3동,41195700,41190700,20160704,
41,경기도,4119,부천시,원미구 상동,상동,41195670,41190620,20160704,
41,경기도,4119,부천시,원미구 소사동,소사동,41195560,41190550,20160704,
41,경기도,4119,부천시,원미구 심곡1동,심곡1동,41195510,41190520,20160704,
41,경기도,4119,부천시,원미구 심곡2동,심곡2동,41195520,41190510,20160704,
41,경기도,4119,부천시,원미구 심곡3동,심곡3동,41195530,41190530,20160704,
41,경기도,4119,부천시,원미구 약대동,약대동,41195610,41190650,20160704,
41,경기도,4119,부천시,원미구 역곡1동,역곡1동,41195570,41190570,20160704,
41,경기도,4119,부천시,원미구 역곡2동,역곡2동,41195580,41190580,20160704,
41,경기도,4119,부천시,원미구 원미1동,원미1동,41195540,41190560,20160704,
41,경기도,4119,부천시,원미구 원미2동,원미2동,41195550,41190540,20160704,
41,경기도,4119,부천시,원미구 중1동,중1동,41195630,41190660,20160704,
41,경기도,4119,부천시,원미구 중2동,중2동,41195640,41190670,20160704,
41,경기도,4119,부천시,원미구 중3동,중3동,41195650,41190680,20160704,
41,경기도,4119,부천시,원미구 중4동,중4동,41195660,41190640,20160704,
41,경기도,4119,부천시,원미구 중동,중동,41195620,41190610,20160704,
41,경기도,4119,부천시,원미구 춘의동,춘의동,41195590,41190590,20160704,
41,경기도,4119,부천시,송내1동,대산동,41190730,41190746,20190701,
41,경기도,4119,부천시,송내2동,대산동,41190740,41190746,20190701,
41,경기도,4119,부천시,심곡본1동,대산동,41197510,41190746,20190701,
41,경기도,4119,부천시,심곡본동,대산동,41190710,41190746,20190701,
41,경기도,4119,부천시,괴안동,범안동,41190770,41190795,20190701,
41,경기도,4119,부천시,범박동,범안동,41190780,41190795,20190701,
41,경기도,4119,부천시,역곡3동,범안동,41190790,41190795,20190701,
41,경기도,4119,부천시,도당동,부천동,41190600,41190606,20190701,
41,경기도,4119,부천시,역곡1동,부천동,41190570,41190606,20190701,
41,경기도,4119,부천시,역곡2동,부천동,41190580,41190606,20190701,
41,경기도,4119,부천시,원미1동,부천동,41190560,41190606,20190701,
41,경기도,4119,부천시,춘의동,부천동,41190590,41190606,20190701,
41,경기도,4119,부천시,약대동,신중동,41190650,41190742,20190701,
41,경기도,4119,부천시,중1동,신중동,41190660,41190742,20190701,
41,경기도,4119,부천시,중2동,신중동,41190670,41190742,20190701,
41,경기도,4119,부천시,중3동,신중동,41190680,41190742,20190701,
41,경기도,4119,부천시,중4동,신중동,41190640,41190742,20190701,
41,경기도,4119,부천시,소사본3동,소사본동,41190760,41190750,20190701,
41,경기도,4119,부천시,소사동,심곡동,41190550,41190603,20190701,
41,경기도,4119,부천시,심곡1동,심곡동,41190520,41190603,20190701,
41,경기도,4119,부천시,심곡2동,심곡동,41190510,41190603,20190701,
41,경기도,4119,부천시,심곡3동,심곡동,41190530,41190603,20190701,
41,경기도,4119,부천시,원미2동,심곡동,41190540,41190603,20190701,
41,경기도,4119,부천시,고강1동,성곡동,41190820,41190800,20190701,
41,경기도,4119,부천시,고강본동,성곡동,41190810,41190800,20190701,
41,경기도,4119,부천시,신흥동,오정동,41190860,41190830,20190701,
41,경기도,4119,부천시,원종1동,오정동,41190840,41190830,20190701,
41,경기도,4119,부천시,원종2동,오정동,41190850,41190830,20190701,
41,경기도,4119,부천시,상동,중동,41190620,41190610,20190701,
41,경기도,4119,부천시,상1동,상동,41190630,41190744,20190701,
41,경기도,4119,부천시,상2동,상동,41190690,41190744,20190701,
41,경기도,4119,부천시,상3동,상동,41190700,41190744,20190701,
41,경기도,4121,광명시,소하2동,일직동,41210650,41210655,20211129,1개에서1개추가생성
41,경기도,4122,평택시,청북면,청북읍,41220350,41220259,20160527,
41,경기도,4122,평택시,비전1동,동삭동,41220620,41220650,20211025,1개에서1개추가생성
41,경기도,4122,평택시,비전2동,용이동,41220630,41220635,20190930,1개에서1개추가생성
41,경기도,4122,평택시,고덕면,고덕동,41220330,41220660,20211115,1개에서1개추가생성
41,경기도,4127,안산시,상록구 사1동,상록구 사동,41271520,41271525,20170701,
41,경기도,4127,안산시,상록구 사2동,상록구 사이동,41271530,41271532,20170701,
41,경기도,4127,안산시,상록구 사3동,상록구 해양동,41271535,41271537,20170701,
41,경기도,4127,안산시,단원구 고잔1동,단원구 고잔동,41273520,41273525,20170701,
41,경기도,4127,안산시,단원구 고잔2동,단원구 중앙동,41273530,41273532,20170701,
41,경기도,4127,안산시,단원구 원곡본동,단원구 신길동,41273540,41273565,20170701,1개에서2개로분동
41,경기도,4127,안산시,단원구 원곡본동,단원구 원곡동,41273540,41273545,20170701,1개에서2개로분동
41,경기도,4127,안산시,단원구 원곡1동,단원구 백운동,41273550,41273555,20170701,
41,경기도,4127,안산시,단원구 원곡2동,단원구 백운동,41273560,41273555,20170701,
41,경기도,4128,고양시,덕양구 신도동,덕양구 삼송동,41281570,41281575,20180701,
41,경기도,4128,고양시,덕양구 행신3동,덕양구 행신4동,41281655,41281656,20220103,1개에서1개추가생성
41,경기도,4128,고양시,덕양구 삼송동,덕양구 삼송1동,41281575,41281576,20220103,2개(흥도동)에서2개추가생성
41,경기도,4128,고양시,덕양구 삼송동,덕양구 삼송2동,41281575,41281577,20220103,2개(흥도동)에서2개추가생성
41,경기도,4128,고양시,일산동구 중산동,일산동구 중산1동,41285520,41285525,20220103,1개에서2개로분동
41,경기도,4128,고양시,일산동구 중산동,일산동구 중산2동,41285520,41285526,20220103,1개에서2개로분동
41,경기도,4128,고양시,일산서구 탄현동,일산서구 탄현1동,41287540,41287545,20220103,1개에서2개로분동
41,경기도,4128,고양시,일산서구 탄현동,일산서구 탄현2동,41287540,41287546,20220103,1개에서2개로분동
41,경기도,4128,고양시,일산서구 송산동,일산서구 가좌동,41287590,41287610,20220103,1개에서2개로분동
41,경기도,4128,고양시,일산서구 송산동,일산서구 덕이동,41287590,41287600,20220103,1개에서2개로분동
41,경기도,4136,남양주시,도농동,다산1동,41360560,41360545,20171218,
41,경기도,4136,남양주시,지금동,다산2동,41360550,41360565,20171218,
41,경기도,4136,남양주시,퇴계원면,퇴계원읍,41360370,41360265,20191021,
41,경기도,4139,시흥시,정왕4동,배곧동,41390594,41390595,20181008,1개에서2개로분동
41,경기도,4139,시흥시,배곧동,배곧1동,41390595,41390596,20210705,1개에서2개로분동
41,경기도,4139,시흥시,배곧동,배곧2동,41390595,41390597,20210705,1개에서2개로분동
41,경기도,4139,시흥시,군자동,월곶동,41390581,41390582,20140301,1개에서2개로분동
41,경기도,4139,시흥시,연성동,장곡동,41390630,41390631,20140301,1개에서2개로분동
41,경기도,4141,군포시,군포2동,송부동,41410520,41410630,20170101,2개에서1개추가생성
41,경기도,4141,군포시,대야동,송부동,41410610,41410630,20170101,2개에서1개추가생성
41,경기도,4145,하남시,풍산동,미사1동,41450570,41450610,20140605,1개에서2개추가생성
41,경기도,4145,하남시,풍산동,미사2동,41450570,41450620,20140605,1개에서2개추가생성
41,경기도,4145,하남시,감북동,감일동,41450580,41450582,20200420,1개에서1개추가생성
41,경기도,4145,하남시,감북동,위례동,41450580,41450585,20151104,1개에서1개추가생성
41,경기도,4146,용인시,처인구 모현면,처인구 모현읍,41461310,41461253,20171216,
41,경기도,4146,용인시,처인구 남사면,처인구 남사읍,41461320,41461259,20210219,
41,경기도,4146,용인시,처인구 이동면,처인구 이동읍,41461330,41461256,20171211,
41,경기도,4146,용인시,처인구 역삼동,처인구 삼가동,41461520,41461526,20210701,1개에서2개로분동
41,경기도,4146,용인시,처인구 역삼동,처인구 역북동,41461520,41461525,20210701,1개에서2개로분동
41,경기도,4146,용인시,기흥구 영덕동,기흥구 영덕1동,41463515,41463516,20200120,1개에서2개로분동
41,경기도,4146,용인시,기흥구 영덕동,기흥구 영덕2동,41463515,41463517,20200120,1개에서2개로분동
41,경기도,4146,용인시,기흥구 동백동,기흥구 동백1동,41463585,41463572,20200120,1개에서3개로분동
41,경기도,4146,용인시,기흥구 동백동,기흥구 동백2동,41463585,41463575,20200120,1개에서3개로분동
41,경기도,4146,용인시,기흥구 동백동,기흥구 동백3동,41463585,41463577,20200120,1개에서3개로분동
41,경기도,4146,용인시,기흥구 상갈동,기흥구 보라동,41463530,41463535,20200120,1개에서1개추가생성
41,경기도,4146,용인시,수지구 죽전1동,수지구 죽전3동,41465540,41465555,20210906,1개에서1개추가생성
41,경기도,4146,용인시,수지구 상현1동,수지구 상현3동,41465570,41465585,20210906,1개에서1개추가생성
41,경기도,4148,파주시,진동면,장단면,41480400,41480390,20210701,
41,경기도,4157,김포시,김포2동,운양동,41570520,41570580,20150202,1개에서1개추가생성
41,경기도,4157,김포시,김포1동,김포본동,41570510,41570515,20170418,
41,경기도,4157,김포시,김포2동,장기본동,41570520,41570525,20170418,
41,경기도,4157,김포시,구래동,마산동,41570570,41570575,20190923,1개에서1개추가생성
41,경기도,4159,화성시,동탄면,동탄4동,41590420,41590588,20150102,1개에서1개추가생성
41,경기도,4159,화성시,동탄4동,동탄5동,41590588,41590590,20180122,1개에서2개추가생성
41,경기도,4159,화성시,동탄4동,동탄6동,41590588,41590600,20180122,1개에서2개추가생성
41,경기도,4159,화성시,동탄6동,동탄7동,41590600,41590610,20190701,1개에서1개추가생성
41,경기도,4159,화성시,동탄6동,동탄8동,41590600,41590620,20191021,1개에서1개추가생성
41,경기도,4159,화성시,남양읍,새솔동,41590262,41590515,20180122,1개에서1개추가생성
41,경기도,4159,화성시,남양동,남양읍,41590510,41590262,20141020,
41,경기도,4161,광주시,오포1동,오포읍,41610580,41610250,20220901,
41,경기도,4161,광주시,오포2동,오포읍,41610590,41610250,20220901,
41,경기도,4161,광주시,신현동,오포읍,41610600,41610250,20220901,
41,경기도,4161,광주시,능평동,오포읍,41610610,41610250,20220901,
41,경기도,4161,광주시,오포읍,오포1동,41610250,41610580,20220901,1개에서4개로분동.지도기준이후룰이라반대로변환
41,경기도,4161,광주시,오포읍,오포2동,41610250,41610590,20220901,1개에서4개로분동.지도기준이후룰이라반대로변환
41,경기도,4161,광주시,오포읍,신현동,41610250,41610600,20220901,1개에서4개로분동.지도기준이후룰이라반대로변환
41,경기도,4161,광주시,오포읍,능평동,41610250,41610610,20220901,1개에서4개로분동.지도기준이후룰이라반대로변환
41,경기도,4161,광주시,광남동,광남1동,41610530,41610560,20201201,1개에서2개로분동
41,경기도,4161,광주시,광남동,광남2동,41610530,41610570,20201201,1개에서2개로분동
41,경기도,4161,광주시,경안동,쌍령동,41610510,41610540,20201201,1개에서1개추가생성
41,경기도,4161,광주시,송정동,탄벌동,41610520,41610550,20201201,1개에서1개추가생성
41,경기도,4161,광주시,중부면,남한산성면,41610360,41610370,20151016,
41,경기도,4167,여주시,능서면,세종대왕면,41670340,41670345,20211231,
41,경기도,4182,가평군,하면,조종면,41820340,41820345,20151216,
42,강원도,4270,영월군,수주면,무릉도원면,42750370,42750380,20161117,
42,강원도,4270,영월군,중동면,산솔면,42750310,42750312,20211101,
42,강원도,4272,홍천군,동면,영귀미면,42720350,42720352,20210601,
42,강원도,4280,양구군,남면,국토정중앙면,42800310,42800315,20210101,
43,충청북도,4311,청주시,상당구 우암동,청원구 우암동,43111580,43114510,20140701,
43,충청북도,4311,청주시,상당구 내덕제1동,청원구 내덕1동,43111590,43114520,20140701,
43,충청북도,4311,청주시,상당구 내덕제2동,청원구 내덕2동,43111600,43114530,20140701,
43,충청북도,4311,청주시,상당구 율량.사천동,청원구 율량.사천동,43111610,43114540,20140701,
43,충청북도,4311,청주시,상당구 오근장동,청원구 오근장동,43111790,43114550,20140701,
43,충청북도,4311,청주시,흥덕구 사직제1동,서원구 사직1동,43113630,43112510,20140701,
43,충청북도,4311,청주시,흥덕구 사직제2동,서원구 사직2동,43113640,43112520,20140701,
43,충청북도,4311,청주시,흥덕구 사창동,서원구 사창동,43113650,43112530,20140701,
43,충청북도,4311,청주시,흥덕구 모충동,서원구 모충동,43113660,43112540,20140701,
43,충청북도,4311,청주시,흥덕구 산남동,서원구 산남동,43113722,43112550,20140701,
43,충청북도,4311,청주시,흥덕구 분평동,서원구 분평동,43113723,43112560,20140701,
43,충청북도,4311,청주시,흥덕구 수곡1동,서원구 수곡1동,43113727,43112570,20140701,
43,충청북도,4311,청주시,흥덕구 수곡2동,서원구 수곡2동,43113728,43112580,20140701,
43,충청북도,4311,청주시,흥덕구 성화.개신.죽림동,서원구 성화.개신.죽림동,43113780,43112590,20140701,
43,충청북도,4311,청주시,낭성면,상당구 낭성면,43710310,43111310,20140701,
43,충청북도,4311,청주시,미원면,상당구 미원면,43710320,43111320,20140701,
43,충청북도,4311,청주시,가덕면,상당구 가덕면,43710330,43111330,20140701,
43,충청북도,4311,청주시,남일면,상당구 남일면,43710340,43111340,20140701,
43,충청북도,4311,청주시,문의면,상당구 문의면,43710360,43111350,20140701, 
43,충청북도,4311,청주시,남이면,서원구 남이면,43710350,43112310,20140701,  
43,충청북도,4311,청주시,현도면,서원구 현도면,43710370,43112320,20140701,  
43,충청북도,4311,청주시,오송읍,흥덕구 오송읍,43710256,43113250,20140701, 
43,충청북도,4311,청주시,강내면,흥덕구 강내면,43710390,43113310,20140701, 
43,충청북도,4311,청주시,옥산면,흥덕구 옥산면,43710410,43113320,20140701, 
43,충청북도,4311,청주시,내수읍,청원구 내수읍,43710250,43114250,20140701,
43,충청북도,4311,청주시,오창읍,청원구 오창읍,43710253,43114253,20140701,
43,충청북도,4311,청주시,북이면,청원구 북이면,43710430,43114310,20140701,
43,충청북도,4313,충주시,가금면,중앙탑면,43130380,43130385,20140201,
43,충청북도,4315,제천시,의암동,의림지동,43150517,43150518,20170101,
43,충청북도,4315,제천시,인성동,중앙동,43150527,43150528,20170101,
43,충청북도,4375,진천군,덕산면,덕산읍,43750310,43750253,20170701,
44,충청남도,4413,천안시,불당동,불당1동,44133565,44133566,20211115,1개에서2개로분동
44,충청남도,4413,천안시,불당동,불당2동,44133565,44133567,20211115,1개에서2개로분동
44,충청남도,4480,홍성군,홍북면,홍북읍,44800310,44800256,20170801,
45,전라북도,4511,전주시,완산구 효자1동,완산구 효자5동,45111711,45111730,20180701,1개에서1개추가생성
45,전라북도,4511,전주시,덕진구 동산동,덕진구 혁신동,45113660,45113670,20180701,1개에서1개추가생성
45,전라북도,4511,전주시,덕진구 동산동,덕진구 여의동,45113660,45113665,20191001,
45,전라북도,4571,완주군,용진면,용진읍,45710310,45710256,20151001,
45,전라북도,4617,나주시,금천면,빛가람동,46170390,46170620,20140224,2개에서1개추가생성
45,전라북도,4617,나주시,산포면,빛가람동,46170400,46170620,20140224,2개에서1개추가생성
46,전라남도,4671,담양군,남면,가사문학면,46710330,46710335,20190219,
46,전라남도,4679,화순군,북면,백아면,46790390,46790395,20200101,
46,전라남도,4679,화순군,남면,사평면,46790410,46790415,20200101,
47,경상북도,4713,경주시,양북면,문무대왕면,47130310,47130315,20200401,
47,경상북도,4713,경주시,양북면,문무대왕면,47130310,47130315,20200401,
47,경상북도,4715,김천시,남면,율곡동,47150320,47150640,20140102,2개에서1개추가생성
47,경상북도,4715,김천시,농소면,율곡동,47150310,47150640,20140102,2개에서1개추가생성
47,경상북도,4719,구미시,산동면,산동읍,47190350,47190256,20210101,
47,경상북도,4719,구미시,원평동,원평1동,47190535,47190520,20210701,1개에서2개로분동
47,경상북도,4719,구미시,원평동,원평2동,47190535,47190530,20210701,1개에서2개로분동
47,경상북도,4719,구미시,공단1동,비산동,47190621,47190610,20210101,
47,경상북도,4719,구미시,공단2동,공단동,47190622,47190700,20210101,
47,경상북도,4725,상주시,사벌면,사벌국면,47250320,47250325,20200101,
47,경상북도,4729,경산시,압량면,압량읍,47290360,47290256,20200101,
47,경상북도,4772,군위군,고로면,삼국유사면,47720370,47720380,20210101,
47,경상북도,4775,청송군,부동면,주왕산면,47750310,47750315,20190301,
47,경상북도,4783,고령군,고령읍,대가야읍,47830250,47830253,20150402,
47,경상북도,4790,예천군,상리면,효자면,47900320,47900420,20160201,
47,경상북도,4790,예천군,하리면,은풍면,47900330,47900430,20160201,
47,경상북도,4793,울진군,서면,금강송면,47930320,47930390,20150421,
47,경상북도,4793,울진군,원남면,매화면,47930340,47930400,20150421,
48,경상남도,4812,창원시,의창구 용지동,성산구 용지동,48121550,48123515,20210701,
48,경상남도,4812,창원시,마산합포구 반월동,마산합포구 반월중앙동,48125550,48125565,20170101,
48,경상남도,4812,창원시,마산합포구 중앙동,마산합포구 반월중앙동,48125560,48125565,20170101,
48,경상남도,4812,창원시,마산합포구 동서동,마산합포구 오동동,48125590,48125630,20170101,
48,경상남도,4812,창원시,마산합포구 성호동,마산합포구 오동동,48125600,48125630,20170101,
48,경상남도,4812,창원시,마산합포구 노산동,마산합포구 교방동,48125620,48125610,20200101,
48,경상남도,4812,창원시,마산회원구 석전1동,마산회원구 석전동,48127530,48127545,20170101,
48,경상남도,4812,창원시,마산회원구 석전2동,마산회원구 석전동,48127540,48127545,20170101,
48,경상남도,4812,창원시,진해구 중앙동,진해구 충무동,48129510,48129530,20200101,
48,경상남도,4812,창원시,진해구 태평동,진해구 충무동,48129520,48129530,20200101,
48,경상남도,4817,진주시,상대1동,상대동,48170660,48170673,20170101,
48,경상남도,4817,진주시,상대2동,상대동,48170670,48170673,20170101,
48,경상남도,4817,진주시,하대1동,하대동,48170676,48170678,20170101,
48,경상남도,4817,진주시,하대2동,하대동,48170677,48170678,20170101,
48,경상남도,4831,거제시,마전동,장승포동,48310520,48310510,20160501,
48,경상남도,4873,함안군,칠원읍,칠원읍,48730370,48730253,20150101,
48,경상남도,4873,함안군,칠원면,칠원읍,48730370,48730253,20150101,









